{"cameraMode":{"drawMode":0,"name":"Shaded","section":"Shading Mode"},"sceneLighting":false,"audioPlay":false,"sceneViewState":{"m_AlwaysRefresh":false,"showFog":true,"showSkybox":false,"showFlares":true,"showImageEffects":true,"showParticleSystems":true,"showVisualEffectGraphs":true,"m_FxEnabled":true},"in2DMode":false,"pivot":{"x":-0.0002664327621459961,"y":1.1471586227416993,"z":0.7052628993988037},"rotation":{"x":0.004086330998688936,"y":0.9835361838340759,"z":-0.1792885661125183,"w":0.022430576384067537},"size":2.44588565826416,"orthographic":false}